District,Year,Rainfall,Rice_Production,Wheat_Production
Gurdaspur,2017,1273.3,557.0,848.0
Amritsar,2017,579.8,574.0,930.0
Tarn Taran,2017,270.5,614.0,886.0
Kapurthala,2017,731.7,483.0,522.0
Jalandhar,2017,459.9,699.0,809.0
SBS Nagar,2017,1048.6,260.0,374.0
Hoshiarpur,2017,509.3,287.0,606.0
Rupnagar,2017,1022.7,172.0,328.0
SAS Nagar,2017,670.4,112.0,235.0
Ludhiana,2017,575.2,1247.0,1273.0
Ferozepur,2017,93.7,791.0,959.0
Faridkot,2017,342.2,468.0,609.0
Sri Muktsar Sahib,2017,329.7,699.0,1093.0
Moga,2017,534.3,816.0,918.0
Bathinda,2017,356.8,689.0,1335.0
Mansa,2017,264.5,442.0,876.0
Sangrur,2017,300.6,1355.0,1589.0
Barnala,2017,338.8,516.0,626.0
Patiala,2017,542.2,984.0,1193.0
Fatehgarh Sahib,2017,496.7,405.0,436.0
Gurdaspur,2016,944.8,501.0,856.0
Amritsar,2016,552.1,513.0,842.0
Tarn Taran,2016,341.0,504.0,842.0
Kapurthala,2016,764.8,470.0,469.0
Jalandhar,2016,326.6,649.0,762.0
SBS Nagar,2016,650.0,252.0,368.0
Hoshiarpur,2016,444.1,244.0,591.0
Rupnagar,2016,845.0,165.0,274.0
SAS Nagar,2016,586.0,116.0,232.0
Ludhiana,2016,359.1,1181.0,1172.0
Ferozepur,2016,131.5,729.0,862.0
Faridkot,2016,412.6,435.0,545.0
Sri Muktsar Sahib,2016,351.9,667.0,969.0
Moga,2016,458.9,871.0,805.0
Bathinda,2016,357.5,621.0,1184.0
Mansa,2016,203.0,363.0,789.0
Sangrur,2016,377.5,1334.0,1373.0
Barnala,2016,330.0,511.0,560.0
Patiala,2016,325.6,910.0,1073.0
Fatehgarh Sahib,2016,304.6,384.0,394.0
Gurdaspur,2015,1166.7,452.0,627.0
Amritsar,2015,562.9,505.0,736.0
Tarn Taran,2015,451.3,540.0,777.0
Kapurthala,2015,453.2,439.0,440.0
Jalandhar,2015,378.5,616.0,685.0
SBS Nagar,2015,824.7,226.0,282.0
Hoshiarpur,2015,593.8,244.0,543.0
Rupnagar,2015,821.7,129.0,266.0
SAS Nagar,2015,832.0,94.0,198.0
Ludhiana,2015,622.4,1119.0,1129.0
Ferozepur,2015,171.0,733.0,877.0
Faridkot,2015,490.0,421.0,558.0
Sri Muktsar Sahib,2015,372.8,514.0,907.0
Moga,2015,434.8,815.0,794.0
Bathinda,2015,391.1,529.0,1216.0
Mansa,2015,391.1,296.0,742.0
Sangrur,2015,492.7,1281.0,1366.0
Barnala,2015,326.4,507.0,527.0
Patiala,2015,514.1,904.0,1048.0
Fatehgarh Sahib,2015,685.9,374.0,340.0
Gurdaspur,2014,1047.7,507.0,822.0
Amritsar,2014,323.8,518.0,934.0
Tarn Taran,2014,352.1,594.0,931.0
Kapurthala,2014,605.5,451.0,548.0
Jalandhar,2014,311.3,596.0,837.0
SBS Nagar,2014,567.9,202.0,371.0
Hoshiarpur,2014,508.0,252.0,671.0
Rupnagar,2014,622.7,128.0,307.0
SAS Nagar,2014,611.0,95.0,228.0
Ludhiana,2014,360.4,1137.0,1327.0
Ferozepur,2014,204.7,766.0,1001.0
Faridkot,2014,396.0,443.0,601.0
Sri Muktsar Sahib,2014,412.4,457.0,1058.0
Moga,2014,396.3,815.0,922.0
Bathinda,2014,335.8,501.0,1259.0
Mansa,2014,183.5,334.0,854.0
Sangrur,2014,270.2,1290.0,1567.0
Barnala,2014,122.5,500.0,593.0
Patiala,2014,395.0,959.0,1153.0
Fatehgarh Sahib,2014,263.8,351.0,427.0
Gurdaspur,2013,499.1,617.0,825.0
Amritsar,2013,685.8,538.0,875.0
Tarn Taran,2013,398.3,595.0,798.0
Kapurthala,2013,696.7,445.0,510.0
Jalandhar,2013,593.9,625.0,773.0
SBS Nagar,2013,835.7,231.0,382.0
Hoshiarpur,2013,586.0,252.0,629.0
Rupnagar,2013,957.8,145.0,284.0
SAS Nagar,2013,646.3,117.0,229.0
Ludhiana,2013,554.5,1169.0,1239.0
Ferozepur,2013,300.0,1057.0,911.0
Faridkot,2013,796.9,444.0,553.0
Sri Muktsar Sahib,2013,584.3,471.0,966.0
Moga,2013,606.4,794.0,871.0
Bathinda,2013,592.5,458.0,1216.0
Mansa,2013,260.0,321.0,759.0
Sangrur,2013,325.4,1299.0,1473.0
Barnala,2013,275.6,490.0,567.0
Patiala,2013,503.8,922.0,1123.0
Fatehgarh Sahib,2013,695.3,384.0,435.0
Gurdaspur,2011,640.3,705.0,919.0
Amritsar,2011,332.2,503.0,809.0
Tarn Taran,2011,2.0,500.0,850.0
Kapurthala,2011,7.0,459.0,480.0
Jalandhar,2011,799.8,588.0,793.0
SBS Nagar,2011,562.1,231.0,348.0
Hoshiarpur,2011,673.8,261.0,661.0
Rupnagar,2011,11.9,147.0,254.0
SAS Nagar,2011,17.0,127.0,227.0
Ludhiana,2011,68.6,1133.0,1276.0
Ferozepur,2011,61.8,954.0,1850.0
Faridkot,2011,9.0,409.0,563.0
Sri Muktsar Sahib,2011,106.5,432.0,957.0
Moga,2011,295.3,745.0,887.0
Bathinda,2011,132.2,437.0,1166.0
Mansa,2011,105.5,316.0,830.0
Sangrur,2011,30.5,1185.0,1472.0
Barnala,2011,235.1,465.0,572.0
Patiala,2011,79.5,873.0,1141.0
Fatehgarh Sahib,2011,206.9,349.0,417.0
Gurdaspur,2010,545.9,640.0,940.0
Amritsar,2010,679.3,501.0,753.0
Tarn Taran,2010,542.2,530.0,771.0
Kapurthala,2010,554.5,452.0,457.0
Jalandhar,2010,560.3,636.0,735.0
SBS Nagar,2010,604.8,232.0,316.0
Hoshiarpur,2010,635.8,248.0,589.0
Rupnagar,2010,897.2,135.0,277.0
SAS Nagar,2010,397.8,98.0,238.0
Ludhiana,2010,604.0,1206.0,1200.0
Ferozepur,2010,203.4,964.0,1636.0
Faridkot,2010,459.0,414.0,481.0
Sri Muktsar Sahib,2010,351.2,387.0,950.0
Moga,2010,399.2,812.0,779.0
Bathinda,2010,253.0,476.0,1013.0
Mansa,2010,120.6,324.0,730.0
Sangrur,2010,416.1,1273.0,1302.0
Barnala,2010,412.2,496.0,520.0
Patiala,2010,483.7,1021.0,1063.0
Fatehgarh Sahib,2010,421.5,391.0,419.0
Gurdaspur,2009,589.0,663.0,927.0
Amritsar,2009,239.5,532.0,757.0
Tarn Taran,2009,93.3,525.0,856.0
Kapurthala,2009,644.0,428.0,472.0
Jalandhar,2009,543.9,588.0,708.0
SBS Nagar,2009,70.8,213.0,297.0
Hoshiarpur,2009,609.1,209.0,545.0
Rupnagar,2009,724.8,139.0,212.0
SAS Nagar,2009,459.0,88.0,208.0
Ludhiana,2009,259.9,1135.0,1157.0
Ferozepur,2009,170.9,1051.0,1849.0
Faridkot,2009,500.5,414.0,550.0
Sri Muktsar Sahib,2009,277.1,402.0,977.0
Moga,2009,258.5,800.0,873.0
Bathinda,2009,236.9,427.0,1152.0
Mansa,2009,120.7,296.0,791.0
Sangrur,2009,450.0,1233.0,1355.0
Barnala,2009,237.9,485.0,554.0
Patiala,2009,460.2,1009.0,1137.0
Fatehgarh Sahib,2009,751.5,363.0,376.0
Gurdaspur,2008,808.4,617.0,976.0
Amritsar,2008,265.4,546.0,810.0
Tarn Taran,2008,93.3,539.0,819.0
Kapurthala,2008,644.0,428.0,506.0
Jalandhar,2008,673.8,554.0,741.0
SBS Nagar,2008,517.8,194.0,328.0
Hoshiarpur,2008,885.6,185.0,552.0
Rupnagar,2008,957.3,122.0,256.0
SAS Nagar,2008,459.0,103.0,191.0
Ludhiana,2008,775.9,1133.0,1238.0
Ferozepur,2008,224.1,1010.0,1785.0
Faridkot,2008,520.6,351.0,509.0
Sri Muktsar Sahib,2008,379.6,283.0,963.0
Moga,2008,428.8,749.0,818.0
Bathinda,2008,336.7,368.0,1077.0
Mansa,2008,139.3,252.0,727.0
Sangrur,2008,355.5,1207.0,1327.0
Barnala,2008,417.0,466.0,535.0
Patiala,2008,950.9,999.0,1133.0
Fatehgarh Sahib,2008,751.5,383.0,429.0
Gurdaspur,2007,823.8,636.0,910.0
Amritsar,2007,304.4,538.0,767.0
Tarn Taran,2007,394.4,514.0,758.0
Kapurthala,2007,365.5,414.0,444.0
Jalandhar,2007,376.6,514.0,692.0
SBS Nagar,2007,622.6,209.0,300.0
Hoshiarpur,2007,432.0,157.0,517.0
Rupnagar,2007,897.8,138.0,216.0
SAS Nagar,2007,452.8,82.0,193.0
Ludhiana,2007,390.9,1084.0,1158.0
Ferozepur,2007,319.1,948.0,1587.0
Faridkot,2007,537.4,338.0,484.0
Sri Muktsar Sahib,2007,297.6,272.0,854.0
Moga,2007,171.2,711.0,725.0
Bathinda,2007,344.1,358.0,1044.0
Mansa,2007,139.3,259.0,718.0
Sangrur,2007,283.3,1185.0,1245.0
Barnala,2007,572.3,452.0,510.0
Patiala,2007,571.8,989.0,1126.0
Fatehgarh Sahib,2007,356.7,340.0,348.0
Gurdaspur,2006,985.3,590.0,904.0
Amritsar,2006,571.7,520.0,819.0
Tarn Taran,2006,389.0,483.0,824.0
Kapurthala,2006,497.1,422.0,483.0
Jalandhar,2006,487.1,526.0,764.0
SBS Nagar,2006,424.1,171.0,303.0
Hoshiarpur,2006,510.9,182.0,514.0
Rupnagar,2006,354.0,128.0,212.0
SAS Nagar,2006,300.6,111.0,182.0
Ludhiana,2006,291.4,1130.0,1228.0
Ferozepur,2006,212.8,956.0,1569.0
Faridkot,2006,518.1,339.0,483.0
Sri Muktsar Sahib,2006,474.0,298.0,787.0
Moga,2006,277.2,735.0,767.0
Bathinda,2006,366.7,385.0,954.0
Mansa,2006,89.3,291.0,612.0
Sangrur,2006,343.8,1625.0,1677.0
Barnala,2006,2.0,488.8,556.4
Patiala,2006,374.9,940.0,1042.0
Fatehgarh Sahib,2006,296.2,361.0,369.0
Gurdaspur,2005,925.2,641.0,810.0
Amritsar,2005,527.4,1034.0,1591.0
Tarn Taran,2005,302.49090909090916,539.8181818181819,828.3636363636364
Kapurthala,2005,645.6,423.0,460.0
Jalandhar,2005,848.1,538.0,734.0
SBS Nagar,2005,701.6,199.0,312.0
Hoshiarpur,2005,679.1,171.0,493.0
Rupnagar,2005,443.6,176.0,312.0
SAS Nagar,2005,493.80909090909086,103.9090909090909,214.63636363636363
Ludhiana,2005,452.4,1144.0,1246.0
Ferozepur,2005,291.0,941.0,1599.0
Faridkot,2005,593.1,337.0,487.0
Sri Muktsar Sahib,2005,762.5,334.0,795.0
Moga,2005,316.8,731.0,759.0
Bathinda,2005,533.5,415.0,993.0
Mansa,2005,269.6,307.0,708.0
Sangrur,2005,500.4,1710.0,1782.0
Barnala,2005,297.25454545454545,488.8,556.4
Patiala,2005,645.2,965.0,1197.0
Fatehgarh Sahib,2005,485.2,371.0,417.0
Gurdaspur,2004,761.1,587.0,952.0
Amritsar,2004,303.1,872.0,1538.0
Tarn Taran,2004,302.49090909090916,539.8181818181819,828.3636363636364
Kapurthala,2004,230.9,361.0,496.0
Jalandhar,2004,431.4,465.0,747.0
SBS Nagar,2004,579.8,171.0,311.0
Hoshiarpur,2004,523.7,179.0,499.0
Rupnagar,2004,636.7,170.0,307.0
SAS Nagar,2004,493.80909090909086,103.9090909090909,214.63636363636363
Ludhiana,2004,270.0,1047.0,1220.0
Ferozepur,2004,32.1,903.0,1586.0
Faridkot,2004,328.0,308.0,461.0
Sri Muktsar Sahib,2004,300.1,328.0,818.0
Moga,2004,124.4,667.0,743.0
Bathinda,2004,209.5,419.0,942.0
Mansa,2004,131.7,299.0,691.0
Sangrur,2004,311.2,1566.0,1716.0
Barnala,2004,297.25454545454545,488.8,556.4
Patiala,2004,808.7,950.0,1095.0
Fatehgarh Sahib,2004,396.4,364.0,367.0
Gurdaspur,2003,1092.6,547.0,784.0
Amritsar,2003,454.6,879.0,1513.0
Tarn Taran,2003,302.49090909090916,539.8181818181819,828.3636363636364
Kapurthala,2003,401.4,362.0,445.0
Jalandhar,2003,619.5,495.0,715.0
SBS Nagar,2003,623.0,151.0,254.0
Hoshiarpur,2003,735.3,159.0,471.0
Rupnagar,2003,626.7,141.0,305.0
SAS Nagar,2003,493.80909090909086,103.9090909090909,214.63636363636363
Ludhiana,2003,474.0,1020.0,1142.0
Ferozepur,2003,29.8,824.0,1470.0
Faridkot,2003,338.0,280.0,474.0
Sri Muktsar Sahib,2003,414.1,261.0,809.0
Moga,2003,97.2,568.0,735.0
Bathinda,2003,335.9,367.0,999.0
Mansa,2003,145.1,267.0,691.0
Sangrur,2003,286.0,1429.0,1805.0
Barnala,2003,297.25454545454545,488.8,556.4
Patiala,2003,655.3,818.0,1184.0
Fatehgarh Sahib,2003,482.8,312.0,379.0
Gurdaspur,2002,626.2,571.0,1011.0
Amritsar,2002,215.7,958.0,1700.0
Tarn Taran,2002,302.49090909090916,539.8181818181819,828.3636363636364
Kapurthala,2002,155.0,364.0,538.0
Jalandhar,2002,285.7,445.0,785.0
SBS Nagar,2002,473.0,143.0,324.0
Hoshiarpur,2002,410.5,171.0,503.0
Rupnagar,2002,655.9,163.0,347.0
SAS Nagar,2002,493.80909090909086,103.9090909090909,214.63636363636363
Ludhiana,2002,634.6,916.0,1304.0
Ferozepur,2002,41.0,864.0,1661.0
Faridkot,2002,202.0,268.0,496.0
Sri Muktsar Sahib,2002,341.7,239.0,822.0
Moga,2002,228.2,579.0,779.0
Bathinda,2002,64.7,307.0,949.0
Mansa,2002,89.9,242.0,671.0
Sangrur,2002,58.4,1362.0,1890.0
Barnala,2002,297.25454545454545,488.8,556.4
Patiala,2002,532.7,908.0,1310.0
Fatehgarh Sahib,2002,331.7,324.0,419.0
Gurdaspur,2001,1066.7,569.0,924.0
Amritsar,2001,350.7,972.0,1690.0
Tarn Taran,2001,302.49090909090916,539.8181818181819,828.3636363636364
Kapurthala,2001,704.0,358.0,493.0
Jalandhar,2001,399.0,488.0,773.0
SBS Nagar,2001,959.3,158.0,313.0
Hoshiarpur,2001,467.3,192.0,489.0
Rupnagar,2001,760.2,163.0,312.0
SAS Nagar,2001,493.80909090909086,103.9090909090909,214.63636363636363
Ludhiana,2001,621.4,939.0,1334.0
Ferozepur,2001,107.3,898.0,1704.0
Faridkot,2001,253.7,310.0,524.0
Sri Muktsar Sahib,2001,335.0,309.0,869.0
Moga,2001,214.8,596.0,818.0
Bathinda,2001,197.8,350.0,1014.0
Mansa,2001,271.3,306.0,748.0
Sangrur,2001,173.8,1342.0,1921.0
Barnala,2001,297.25454545454545,488.8,556.4
Patiala,2001,622.9,857.0,1191.0
Fatehgarh Sahib,2001,362.3,350.0,434.0
Gurdaspur,2000,830.1,561.0,929.0
Amritsar,2000,207.9,988.0,1738.0
Tarn Taran,2000,302.49090909090916,539.8181818181819,828.3636363636364
Kapurthala,2000,542.0,349.0,523.0
Jalandhar,2000,364.2,464.0,803.0
SBS Nagar,2000,699.4,160.0,308.0
Hoshiarpur,2000,658.0,178.0,517.0
Rupnagar,2000,793.4,156.0,350.0
SAS Nagar,2000,493.80909090909086,103.9090909090909,214.63636363636363
Ludhiana,2000,437.2,856.0,1312.0
Ferozepur,2000,130.3,982.0,1738.0
Faridkot,2000,256.5,305.0,522.0
Sri Muktsar Sahib,2000,358.0,292.0,884.0
Moga,2000,175.0,393.0,838.0
Bathinda,2000,136.1,342.0,1117.0
Mansa,2000,77.1,291.0,719.0
Sangrur,2000,202.0,1282.0,1902.0
Barnala,2000,297.25454545454545,488.8,556.4
Patiala,2000,641.2,815.0,1267.0
Fatehgarh Sahib,2000,155.0,302.0,443.0
Gurdaspur,1999,810.6,521.0,862.0
Amritsar,1999,327.1,877.0,1567.0
Tarn Taran,1999,302.49090909090916,539.8181818181819,828.3636363636364
Kapurthala,1999,464.5,314.0,465.0
Jalandhar,1999,315.7,436.0,744.0
SBS Nagar,1999,705.1,150.0,265.0
Hoshiarpur,1999,641.0,169.0,488.0
Rupnagar,1999,675.2,128.0,325.0
SAS Nagar,1999,493.80909090909086,103.9090909090909,214.63636363636363
Ludhiana,1999,504.4,789.0,1161.0
Ferozepur,1999,95.6,922.0,1823.0
Faridkot,1999,262.7,246.0,487.0
Sri Muktsar Sahib,1999,508.5,221.0,741.0
Moga,1999,234.5,413.0,562.0
Bathinda,1999,42.5,287.0,741.0
Mansa,1999,72.2,215.0,687.0
Sangrur,1999,228.8,1262.0,1729.0
Barnala,1999,297.25454545454545,488.8,556.4
Patiala,1999,470.1,772.0,1144.0
Fatehgarh Sahib,1999,285.0,271.0,401.0
Gurdaspur,1998,662.6,512.0,733.0
Amritsar,1998,554.8,879.0,1353.0
Tarn Taran,1998,302.49090909090916,539.8181818181819,828.3636363636364
Kapurthala,1998,492.0,299.0,348.0
Jalandhar,1998,469.6,418.0,563.0
SBS Nagar,1998,936.7,145.0,200.0
Hoshiarpur,1998,1004.6,169.0,413.0
Rupnagar,1998,641.8,138.0,296.0
SAS Nagar,1998,493.80909090909086,103.9090909090909,214.63636363636363
Ludhiana,1998,589.3,899.0,1082.0
Ferozepur,1998,127.9,909.0,1677.0
Faridkot,1998,151.0,214.0,451.0
Sri Muktsar Sahib,1998,520.1,76.0,609.0
Moga,1998,259.0,429.0,530.0
Bathinda,1998,173.6,212.0,819.0
Mansa,1998,132.9,220.0,558.0
Sangrur,1998,377.2,1277.0,1732.0
Barnala,1998,297.25454545454545,488.8,556.4
Patiala,1998,779.0,792.0,1026.0
Fatehgarh Sahib,1998,244.9,302.0,361.0
Gurdaspur,1997,1038.3,513.0,804.0
Amritsar,1997,813.2,883.0,1390.0
Tarn Taran,1997,302.49090909090916,539.8181818181819,828.3636363636364
Kapurthala,1997,973.5,290.0,439.0
Jalandhar,1997,596.7,403.0,635.0
SBS Nagar,1997,1932.6,142.0,237.0
Hoshiarpur,1997,916.3,156.0,426.0
Rupnagar,1997,967.0,130.0,293.0
SAS Nagar,1997,493.80909090909086,103.9090909090909,214.63636363636363
Ludhiana,1997,607.8,818.0,1189.0
Ferozepur,1997,405.3,811.0,1714.0
Faridkot,1997,350.4,169.0,473.0
Sri Muktsar Sahib,1997,883.1,66.0,621.0
Moga,1997,551.6,387.0,576.0
Bathinda,1997,274.9,159.0,935.0
Mansa,1997,146.3,193.0,621.0
Sangrur,1997,540.7,1163.0,1805.0
Barnala,1997,297.25454545454545,488.8,556.4
Patiala,1997,819.8,768.0,1130.0
Fatehgarh Sahib,1997,253.2,283.0,399.0
Gurdaspur,1996,1000.9,472.0,757.0
Amritsar,1996,507.2,881.0,1362.0
Tarn Taran,1996,302.49090909090916,539.8181818181819,828.3636363636364
Kapurthala,1996,726.8,269.0,442.0
Jalandhar,1996,394.4,353.0,794.0
SBS Nagar,1996,1359.2,132.0,226.0
Hoshiarpur,1996,671.1,167.0,395.0
Rupnagar,1996,624.8,123.0,284.0
SAS Nagar,1996,493.80909090909086,103.9090909090909,214.63636363636363
Ludhiana,1996,475.6,743.0,1082.0
Ferozepur,1996,159.4,783.0,1548.0
Faridkot,1996,507.7,140.0,366.0
Sri Muktsar Sahib,1996,560.7,22.0,572.0
Moga,1996,579.6,398.0,503.0
Bathinda,1996,240.2,144.0,833.0
Mansa,1996,41.8,167.0,580.0
Sangrur,1996,308.2,1091.0,1647.0
Barnala,1996,297.25454545454545,488.8,556.4
Patiala,1996,1052.0,695.0,992.0
Fatehgarh Sahib,1996,705.6,265.0,355.0
Gurdaspur,1995,1189.5,511.0,840.0
Amritsar,1995,634.9,921.0,1476.0
Tarn Taran,1995,302.49090909090916,539.8181818181819,828.3636363636364
Kapurthala,1995,595.5,322.0,467.0
Jalandhar,1995,1509.7,574.0,962.0
SBS Nagar,1995,747.5619047619048,189.14285714285714,305.6666666666667
Hoshiarpur,1995,360.9,175.0,482.0
Rupnagar,1995,848.4,118.0,287.0
SAS Nagar,1995,493.80909090909086,103.9090909090909,214.63636363636363
Ludhiana,1995,788.5,868.0,1194.0
Ferozepur,1995,578.5,908.0,1649.0
Faridkot,1995,732.7,621.0,1576.0
Sri Muktsar Sahib,1995,424.80476190476196,334.76190476190476,858.1428571428571
Moga,1995,335.3333333333333,658.2857142857143,762.0
Bathinda,1995,220.7,196.0,861.0
Mansa,1995,280.3,201.0,600.0
Sangrur,1995,579.0,1188.0,1716.0
Barnala,1995,297.25454545454545,488.8,556.4
Patiala,1995,1060.6,816.0,1075.0
Fatehgarh Sahib,1995,912.7,283.0,363.0
Gurdaspur,1994,1211.9,492.0,820.0
Amritsar,1994,406.6,846.0,1492.0
Tarn Taran,1994,302.49090909090916,539.8181818181819,828.3636363636364
Kapurthala,1994,676.5,329.0,463.0
Jalandhar,1994,748.9,583.0,923.0
SBS Nagar,1994,747.5619047619048,189.14285714285714,305.6666666666667
Hoshiarpur,1994,1056.3,161.0,484.0
Rupnagar,1994,1004.9,131.0,290.0
SAS Nagar,1994,493.80909090909086,103.9090909090909,214.63636363636363
Ludhiana,1994,532.4,909.0,1180.0
Ferozepur,1994,314.9,810.0,1605.0
Faridkot,1994,518.8,625.0,1514.0
Sri Muktsar Sahib,1994,424.80476190476196,334.76190476190476,858.1428571428571
Moga,1994,335.3333333333333,658.2857142857143,762.0
Bathinda,1994,132.9,178.0,837.0
Mansa,1994,121.1,165.0,598.0
Sangrur,1994,667.4,1282.0,1712.0
Barnala,1994,297.25454545454545,488.8,556.4
Patiala,1994,899.1,831.0,1104.0
Fatehgarh Sahib,1994,816.2,303.0,352.0
Gurdaspur,1993,1110.7,474.0,746.0
Amritsar,1993,423.5,803.0,1379.0
Tarn Taran,1993,302.49090909090916,539.8181818181819,828.3636363636364
Kapurthala,1993,575.8,296.0,438.0
Jalandhar,1993,55.9,527.0,805.0
SBS Nagar,1993,747.5619047619048,189.14285714285714,305.6666666666667
Hoshiarpur,1993,1019.2,162.0,457.0
Rupnagar,1993,871.7,117.0,282.0
SAS Nagar,1993,493.80909090909086,103.9090909090909,214.63636363636363
Ludhiana,1993,619.3,877.0,1123.0
Ferozepur,1993,398.3,802.0,1499.0
Faridkot,1993,360.8,547.0,1244.0
Sri Muktsar Sahib,1993,424.80476190476196,334.76190476190476,858.1428571428571
Moga,1993,335.3333333333333,658.2857142857143,762.0
Bathinda,1993,215.8,120.0,751.0
Mansa,1993,215.5,115.0,564.0
Sangrur,1993,343.7,1137.0,1731.0
Barnala,1993,297.25454545454545,488.8,556.4
Patiala,1993,994.1,746.0,1024.0
Fatehgarh Sahib,1993,1043.5,308.0,356.0
Gurdaspur,1992,963.4,468.0,669.0
Amritsar,1992,440.6,781.0,1356.0
Tarn Taran,1992,302.49090909090916,539.8181818181819,828.3636363636364
Kapurthala,1992,575.8,284.0,417.0
Jalandhar,1992,652.6,539.0,810.0
SBS Nagar,1992,747.5619047619048,189.14285714285714,305.6666666666667
Hoshiarpur,1992,811.6,173.0,457.0
Rupnagar,1992,661.1,122.0,277.0
SAS Nagar,1992,493.80909090909086,103.9090909090909,214.63636363636363
Ludhiana,1992,476.1,827.0,1131.0
Ferozepur,1992,431.7,760.0,1488.0
Faridkot,1992,349.4,559.0,1420.0
Sri Muktsar Sahib,1992,424.80476190476196,334.76190476190476,858.1428571428571
Moga,1992,335.3333333333333,658.2857142857143,762.0
Bathinda,1992,137.1,229.0,1237.0
Mansa,1992,133.0,270.0833333333333,702.6666666666666
Sangrur,1992,201.4,1064.0,1661.0
Barnala,1992,297.25454545454545,488.8,556.4
Patiala,1992,554.0,942.0,1386.0
Fatehgarh Sahib,1992,441.0,338.4583333333333,393.1666666666667
Gurdaspur,1991,824.7,441.0,663.0
Amritsar,1991,452.4,768.0,1319.0
Tarn Taran,1991,302.49090909090916,539.8181818181819,828.3636363636364
Kapurthala,1991,530.6,276.0,418.0
Jalandhar,1991,755.1,496.0,820.0
SBS Nagar,1991,747.5619047619048,189.14285714285714,305.6666666666667
Hoshiarpur,1991,862.9,186.0,466.0
Rupnagar,1991,688.2,113.0,262.0
SAS Nagar,1991,493.80909090909086,103.9090909090909,214.63636363636363
Ludhiana,1991,600.5,826.0,1148.0
Ferozepur,1991,258.2,728.0,1512.0
Faridkot,1991,291.9,504.0,1407.0
Sri Muktsar Sahib,1991,424.80476190476196,334.76190476190476,858.1428571428571
Moga,1991,335.3333333333333,658.2857142857143,762.0
Bathinda,1991,121.7,173.0,1153.0
Mansa,1991,165.78400000000002,270.0833333333333,702.6666666666666
Sangrur,1991,296.9,1060.0,1662.0
Barnala,1991,297.25454545454545,488.8,556.4
Patiala,1991,600.9,940.0,1322.0
Fatehgarh Sahib,1991,485.84399999999994,338.4583333333333,393.1666666666667
Gurdaspur,1990,1214.9,456.0,590.0
Amritsar,1990,650.8,809.0,1247.0
Tarn Taran,1990,302.49090909090916,539.8181818181819,828.3636363636364
Kapurthala,1990,780.5,331.0,410.0
Jalandhar,1990,1195.7,532.0,810.0
SBS Nagar,1990,747.5619047619048,189.14285714285714,305.6666666666667
Hoshiarpur,1990,1075.6,183.0,453.0
Rupnagar,1990,1092.4,102.0,226.0
SAS Nagar,1990,493.80909090909086,103.9090909090909,214.63636363636363
Ludhiana,1990,523.9,871.0,1080.0
Ferozepur,1990,421.6,711.0,1518.0
Faridkot,1990,567.8,500.0,1385.0
Sri Muktsar Sahib,1990,424.80476190476196,334.76190476190476,858.1428571428571
Moga,1990,335.3333333333333,658.2857142857143,762.0
Bathinda,1990,342.1,153.0,1126.0
Mansa,1990,165.78400000000002,270.0833333333333,702.6666666666666
Sangrur,1990,527.2,1065.0,1551.0
Barnala,1990,297.25454545454545,488.8,556.4
Patiala,1990,662.7,967.0,1152.0
Fatehgarh Sahib,1990,485.84399999999994,338.4583333333333,393.1666666666667
Gurdaspur,1989,563.1,371.0,652.0
Amritsar,1989,469.8,617.0,1257.0
Tarn Taran,1989,302.49090909090916,539.8181818181819,828.3636363636364
Kapurthala,1989,588.5,176.0,406.0
Jalandhar,1989,648.4,391.0,807.0
SBS Nagar,1989,747.5619047619048,189.14285714285714,305.6666666666667
Hoshiarpur,1989,891.2,122.0,460.0
Rupnagar,1989,713.7,89.0,244.0
SAS Nagar,1989,493.80909090909086,103.9090909090909,214.63636363636363
Ludhiana,1989,565.4,606.0,1123.0
Ferozepur,1989,235.2,543.0,1430.0
Faridkot,1989,268.5,414.0,1325.0
Sri Muktsar Sahib,1989,424.80476190476196,334.76190476190476,858.1428571428571
Moga,1989,335.3333333333333,658.2857142857143,762.0
Bathinda,1989,318.3,95.0,1040.0
Mansa,1989,165.78400000000002,270.0833333333333,702.6666666666666
Sangrur,1989,172.0,721.0,1585.0
Barnala,1989,297.25454545454545,488.8,556.4
Patiala,1989,475.6,778.0,1249.0
Fatehgarh Sahib,1989,485.84399999999994,338.4583333333333,393.1666666666667
Gurdaspur,1988,1487.4,342.0,627.0
Amritsar,1988,982.3,504.0,1185.0
Tarn Taran,1988,302.49090909090916,539.8181818181819,828.3636363636364
Kapurthala,1988,689.5,268.0,395.0
Jalandhar,1988,1539.8,412.0,823.0
SBS Nagar,1988,747.5619047619048,189.14285714285714,305.6666666666667
Hoshiarpur,1988,1958.2,110.0,430.0
Rupnagar,1988,1516.4,89.0,223.0
SAS Nagar,1988,493.80909090909086,103.9090909090909,214.63636363636363
Ludhiana,1988,1242.2,730.0,1086.0
Ferozepur,1988,540.2,689.0,1367.0
Faridkot,1988,614.2,472.0,1278.0
Sri Muktsar Sahib,1988,424.80476190476196,334.76190476190476,858.1428571428571
Moga,1988,335.3333333333333,658.2857142857143,762.0
Bathinda,1988,527.1,127.0,963.0
Mansa,1988,165.78400000000002,270.0833333333333,702.6666666666666
Sangrur,1988,844.4,872.0,1508.0
Barnala,1988,297.25454545454545,488.8,556.4
Patiala,1988,529.5,827.0,1199.0
Fatehgarh Sahib,1988,485.84399999999994,338.4583333333333,393.1666666666667
Gurdaspur,1987,618.8,433.0,510.0
Amritsar,1987,496.3,642.0,862.0
Tarn Taran,1987,302.49090909090916,539.8181818181819,828.3636363636364
Kapurthala,1987,447.5,274.0,313.0
Jalandhar,1987,519.1,589.0,711.0
SBS Nagar,1987,747.5619047619048,189.14285714285714,305.6666666666667
Hoshiarpur,1987,614.8,132.0,396.0
Rupnagar,1987,647.7,112.0,216.0
SAS Nagar,1987,493.80909090909086,103.9090909090909,214.63636363636363
Ludhiana,1987,348.5,803.0,923.0
Ferozepur,1987,309.2,706.0,1249.0
Faridkot,1987,266.6,510.0,1120.0
Sri Muktsar Sahib,1987,424.80476190476196,334.76190476190476,858.1428571428571
Moga,1987,335.3333333333333,658.2857142857143,762.0
Bathinda,1987,130.6,151.0,820.0
Mansa,1987,165.78400000000002,270.0833333333333,702.6666666666666
Sangrur,1987,261.8,846.0,1240.0
Barnala,1987,297.25454545454545,488.8,556.4
Patiala,1987,196.7,897.0,1085.0
Fatehgarh Sahib,1987,485.84399999999994,338.4583333333333,393.1666666666667
Gurdaspur,1986,802.7,411.0,643.0
Amritsar,1986,724.4,649.0,1141.0
Tarn Taran,1986,302.49090909090916,539.8181818181819,828.3636363636364
Kapurthala,1986,464.0,239.0,359.0
Jalandhar,1986,812.0,434.0,830.0
SBS Nagar,1986,747.5619047619048,189.14285714285714,305.6666666666667
Hoshiarpur,1986,1008.1,118.0,414.0
Rupnagar,1986,953.4,96.0,248.0
SAS Nagar,1986,493.80909090909086,103.9090909090909,214.63636363636363
Ludhiana,1986,378.1,694.0,1085.0
Ferozepur,1986,452.1,644.0,1340.0
Faridkot,1986,344.1,479.0,1287.0
Sri Muktsar Sahib,1986,424.80476190476196,334.76190476190476,858.1428571428571
Moga,1986,335.3333333333333,658.2857142857143,762.0
Bathinda,1986,289.3,153.0,948.0
Mansa,1986,165.78400000000002,270.0833333333333,702.6666666666666
Sangrur,1986,566.3,747.0,1448.0
Barnala,1986,297.25454545454545,488.8,556.4
Patiala,1986,631.3,819.0,1245.0
Fatehgarh Sahib,1986,485.84399999999994,338.4583333333333,393.1666666666667
Gurdaspur,1985,1007.2,410.0,621.0
Amritsar,1985,773.0,582.0,1118.0
Tarn Taran,1985,302.49090909090916,539.8181818181819,828.3636363636364
Kapurthala,1985,599.5,249.0,329.0
Jalandhar,1985,895.0,389.0,756.0
SBS Nagar,1985,747.5619047619048,189.14285714285714,305.6666666666667
Hoshiarpur,1985,1039.7,132.0,349.0
Rupnagar,1985,1025.3,86.0,204.0
SAS Nagar,1985,493.80909090909086,103.9090909090909,214.63636363636363
Ludhiana,1985,673.6,610.0,1053.0
Ferozepur,1985,461.5,628.0,1287.0
Faridkot,1985,439.0,417.0,1208.0
Sri Muktsar Sahib,1985,424.80476190476196,334.76190476190476,858.1428571428571
Moga,1985,335.3333333333333,658.2857142857143,762.0
Bathinda,1985,396.3,185.0,830.0
Mansa,1985,165.78400000000002,270.0833333333333,702.6666666666666
Sangrur,1985,618.7,619.0,1328.0
Barnala,1985,297.25454545454545,488.8,556.4
Patiala,1985,697.0,737.0,1093.0
Fatehgarh Sahib,1985,485.84399999999994,338.4583333333333,393.1666666666667
Gurdaspur,1984,1000.1,367.0,541.0
Amritsar,1984,1046.6,484.0,991.0
Tarn Taran,1984,302.49090909090916,539.8181818181819,828.3636363636364
Kapurthala,1984,543.1,221.0,311.0
Jalandhar,1984,1204.1,322.0,722.0
SBS Nagar,1984,747.5619047619048,189.14285714285714,305.6666666666667
Hoshiarpur,1984,790.7,105.0,366.0
Rupnagar,1984,776.6,83.0,208.0
SAS Nagar,1984,493.80909090909086,103.9090909090909,214.63636363636363
Ludhiana,1984,682.1,596.0,909.0
Ferozepur,1984,535.5,537.0,1287.0
Faridkot,1984,292.8,409.0,1149.0
Sri Muktsar Sahib,1984,424.80476190476196,334.76190476190476,858.1428571428571
Moga,1984,335.3333333333333,658.2857142857143,762.0
Bathinda,1984,306.5,96.0,701.0
Mansa,1984,165.78400000000002,270.0833333333333,702.6666666666666
Sangrur,1984,583.6,596.0,1219.0
Barnala,1984,297.25454545454545,488.8,556.4
Patiala,1984,696.2,723.0,1013.0
Fatehgarh Sahib,1984,485.84399999999994,338.4583333333333,393.1666666666667
Gurdaspur,1983,1048.0,329.0,496.0
Amritsar,1983,657.8,420.0,930.0
Tarn Taran,1983,302.49090909090916,539.8181818181819,828.3636363636364
Kapurthala,1983,603.0,204.0,267.0
Jalandhar,1983,1153.3,326.0,656.0
SBS Nagar,1983,747.5619047619048,189.14285714285714,305.6666666666667
Hoshiarpur,1983,910.8,103.0,346.0
Rupnagar,1983,1277.4,72.0,208.0
SAS Nagar,1983,493.80909090909086,103.9090909090909,214.63636363636363
Ludhiana,1983,882.8,524.0,940.0
Ferozepur,1983,589.0,539.0,1239.0
Faridkot,1983,500.1,335.0,1144.0
Sri Muktsar Sahib,1983,424.80476190476196,334.76190476190476,858.1428571428571
Moga,1983,335.3333333333333,658.2857142857143,762.0
Bathinda,1983,383.1,47.0,826.0
Mansa,1983,165.78400000000002,270.0833333333333,702.6666666666666
Sangrur,1983,711.9,506.0,1160.0
Barnala,1983,297.25454545454545,488.8,556.4
Patiala,1983,1043.0,751.0,957.0
Fatehgarh Sahib,1983,485.84399999999994,338.4583333333333,393.1666666666667
Gurdaspur,1982,946.0,329.0,452.0
Amritsar,1982,544.0,417.0,791.0
Tarn Taran,1982,302.49090909090916,539.8181818181819,828.3636363636364
Kapurthala,1982,0.0,219.0,280.0
Jalandhar,1982,616.0,287.0,655.0
SBS Nagar,1982,747.5619047619048,189.14285714285714,305.6666666666667
Hoshiarpur,1982,788.0,114.0,333.0
Rupnagar,1982,776.0,52.0,163.0
SAS Nagar,1982,493.80909090909086,103.9090909090909,214.63636363636363
Ludhiana,1982,647.0,454.0,897.0
Ferozepur,1982,665.0,520.0,1085.0
Faridkot,1982,429.0,301.0,1114.0
Sri Muktsar Sahib,1982,424.80476190476196,334.76190476190476,858.1428571428571
Moga,1982,335.3333333333333,658.2857142857143,762.0
Bathinda,1982,316.0,36.0,768.0
Mansa,1982,165.78400000000002,270.0833333333333,702.6666666666666
Sangrur,1982,0.0,370.0,1088.0
Barnala,1982,297.25454545454545,488.8,556.4
Patiala,1982,681.0,644.0,907.0
Fatehgarh Sahib,1982,485.84399999999994,338.4583333333333,393.1666666666667
Gurdaspur,1981,944.0,289.0,398.0
Amritsar,1981,542.7,349.0,809.0
Tarn Taran,1981,302.49090909090916,539.8181818181819,828.3636363636364
Kapurthala,1981,0.0,197.0,267.0
Jalandhar,1981,636.3,260.0,518.0
SBS Nagar,1981,747.5619047619048,189.14285714285714,305.6666666666667
Hoshiarpur,1981,769.0,109.0,318.0
Rupnagar,1981,753.9,72.0,158.0
SAS Nagar,1981,493.80909090909086,103.9090909090909,214.63636363636363
Ludhiana,1981,637.2,356.0,838.0
Ferozepur,1981,361.5,413.0,972.0
Faridkot,1981,423.1,242.0,945.0
Sri Muktsar Sahib,1981,424.80476190476196,334.76190476190476,858.1428571428571
Moga,1981,335.3333333333333,658.2857142857143,762.0
Bathinda,1981,292.5,28.0,683.0
Mansa,1981,165.78400000000002,270.0833333333333,702.6666666666666
Sangrur,1981,0.0,336.0,1015.0
Barnala,1981,297.25454545454545,488.8,556.4
Patiala,1981,665.0,583.0,753.0
Fatehgarh Sahib,1981,485.84399999999994,338.4583333333333,393.1666666666667
Gurdaspur,1980,1155.0,290.0,418.0
Amritsar,1980,869.8,412.0,821.0
Tarn Taran,1980,302.49090909090916,539.8181818181819,828.3636363636364
Kapurthala,1980,683.0,171.0,274.0
Jalandhar,1980,873.9,235.0,629.0
SBS Nagar,1980,747.5619047619048,189.14285714285714,305.6666666666667
Hoshiarpur,1980,906.1,92.0,330.0
Rupnagar,1980,759.1,37.0,177.0
SAS Nagar,1980,493.80909090909086,103.9090909090909,214.63636363636363
Ludhiana,1980,38.0,313.0,901.0
Ferozepur,1980,956.2,417.0,921.0
Faridkot,1980,511.4,204.0,900.0
Sri Muktsar Sahib,1980,424.80476190476196,334.76190476190476,858.1428571428571
Moga,1980,335.3333333333333,658.2857142857143,762.0
Bathinda,1980,355.9,32.0,647.0
Mansa,1980,165.78400000000002,270.0833333333333,702.6666666666666
Sangrur,1980,521.4,318.0,981.0
Barnala,1980,297.25454545454545,488.8,556.4
Patiala,1980,835.7,531.0,867.0
Fatehgarh Sahib,1980,485.84399999999994,338.4583333333333,393.1666666666667
Gurdaspur,1979,911.6,321.0,401.0
Amritsar,1979,511.9,511.0,756.0
Tarn Taran,1979,302.49090909090916,539.8181818181819,828.3636363636364
Kapurthala,1979,582.0,160.0,189.0
Jalandhar,1979,666.3,242.0,536.0
SBS Nagar,1979,747.5619047619048,189.14285714285714,305.6666666666667
Hoshiarpur,1979,709.8,96.0,279.0
Rupnagar,1979,609.9,39.0,171.0
SAS Nagar,1979,493.80909090909086,103.9090909090909,214.63636363636363
Ludhiana,1979,430.1,249.0,898.0
Ferozepur,1979,386.5,429.0,922.0
Faridkot,1979,305.3,226.0,840.0
Sri Muktsar Sahib,1979,424.80476190476196,334.76190476190476,858.1428571428571
Moga,1979,335.3333333333333,658.2857142857143,762.0
Bathinda,1979,240.6,20.0,610.0
Mansa,1979,165.78400000000002,270.0833333333333,702.6666666666666
Sangrur,1979,997.4,268.0,984.0
Barnala,1979,297.25454545454545,488.8,556.4
Patiala,1979,488.8,531.0,848.0
Fatehgarh Sahib,1979,485.84399999999994,338.4583333333333,393.1666666666667
Gurdaspur,1978,903.1,293.0,389.0
Amritsar,1978,542.7,413.0,697.0
Tarn Taran,1978,302.49090909090916,539.8181818181819,828.3636363636364
Kapurthala,1978,180.0,136.0,209.0
Jalandhar,1978,645.6,159.0,519.0
SBS Nagar,1978,747.5619047619048,189.14285714285714,305.6666666666667
Hoshiarpur,1978,712.7,86.0,261.0
Rupnagar,1978,815.7,31.0,143.0
SAS Nagar,1978,493.80909090909086,103.9090909090909,214.63636363636363
Ludhiana,1978,651.9,175.0,845.0
Ferozepur,1978,359.8,376.0,785.0
Faridkot,1978,425.9,159.0,759.0
Sri Muktsar Sahib,1978,424.80476190476196,334.76190476190476,858.1428571428571
Moga,1978,335.3333333333333,658.2857142857143,762.0
Bathinda,1978,210.3,9.0,519.0
Mansa,1978,165.78400000000002,270.0833333333333,702.6666666666666
Sangrur,1978,853.0,186.0,793.0
Barnala,1978,297.25454545454545,488.8,556.4
Patiala,1978,640.7,468.0,729.0
Fatehgarh Sahib,1978,485.84399999999994,338.4583333333333,393.1666666666667
Gurdaspur,1977,1210.9,258.0,379.0
Amritsar,1977,702.3,280.0,676.0
Tarn Taran,1977,302.49090909090916,539.8181818181819,828.3636363636364
Kapurthala,1977,609.5,116.0,192.0
Jalandhar,1977,774.7,111.0,515.0
SBS Nagar,1977,747.5619047619048,189.14285714285714,305.6666666666667
Hoshiarpur,1977,950.0,82.0,272.0
Rupnagar,1977,732.0,13.0,122.0
SAS Nagar,1977,493.80909090909086,103.9090909090909,214.63636363636363
Ludhiana,1977,878.2,87.0,815.0
Ferozepur,1977,464.8,256.0,734.0
Faridkot,1977,513.6,118.0,759.0
Sri Muktsar Sahib,1977,424.80476190476196,334.76190476190476,858.1428571428571
Moga,1977,335.3333333333333,658.2857142857143,762.0
Bathinda,1977,353.7,5.0,514.0
Mansa,1977,165.78400000000002,270.0833333333333,702.6666666666666
Sangrur,1977,680.3,104.0,750.0
Barnala,1977,297.25454545454545,488.8,556.4
Patiala,1977,943.7,346.0,664.0
Fatehgarh Sahib,1977,485.84399999999994,338.4583333333333,393.1666666666667
Gurdaspur,1976,1370.6,214.0,369.0
Amritsar,1976,1233.2,257.0,618.0
Tarn Taran,1976,302.49090909090916,539.8181818181819,828.3636363636364
Kapurthala,1976,592.5,85.0,169.0
Jalandhar,1976,627.0,84.0,498.0
SBS Nagar,1976,747.5619047619048,189.14285714285714,305.6666666666667
Hoshiarpur,1976,991.5,70.0,308.0
Rupnagar,1976,628.7,15.0,127.0
SAS Nagar,1976,493.80909090909086,103.9090909090909,214.63636363636363
Ludhiana,1976,692.3,51.0,697.0
Ferozepur,1976,763.8,272.0,671.0
Faridkot,1976,608.3,87.0,624.0
Sri Muktsar Sahib,1976,424.80476190476196,334.76190476190476,858.1428571428571
Moga,1976,335.3333333333333,658.2857142857143,762.0
Bathinda,1976,421.6,3.0,399.0
Mansa,1976,165.78400000000002,270.0833333333333,702.6666666666666
Sangrur,1976,625.5,61.0,735.0
Barnala,1976,297.25454545454545,488.8,556.4
Patiala,1976,881.7,251.0,594.0
Fatehgarh Sahib,1976,485.84399999999994,338.4583333333333,393.1666666666667
Gurdaspur,1975,944.3,146.0,315.0
Amritsar,1975,542.9,198.0,560.0
Tarn Taran,1975,302.49090909090916,539.8181818181819,828.3636363636364
Kapurthala,1975,619.6,79.0,156.0
Jalandhar,1975,648.5,84.0,501.0
SBS Nagar,1975,747.5619047619048,189.14285714285714,305.6666666666667
Hoshiarpur,1975,787.8,64.0,292.0
Rupnagar,1975,866.2,10.0,111.0
SAS Nagar,1975,493.80909090909086,103.9090909090909,214.63636363636363
Ludhiana,1975,632.9,57.0,702.0
Ferozepur,1975,349.7,210.0,570.0
Faridkot,1975,410.6,80.0,625.0
Sri Muktsar Sahib,1975,424.80476190476196,334.76190476190476,858.1428571428571
Moga,1975,335.3333333333333,658.2857142857143,762.0
Bathinda,1975,602.0,4.0,332.0
Mansa,1975,165.78400000000002,270.0833333333333,702.6666666666666
Sangrur,1975,485.2,47.0,620.0
Barnala,1975,297.25454545454545,488.8,556.4
Patiala,1975,660.2,199.0,500.0
Fatehgarh Sahib,1975,485.84399999999994,338.4583333333333,393.1666666666667
Gurdaspur,1974,599.5,155.0,275.0
Amritsar,1974,378.9,275.0,504.0
Tarn Taran,1974,302.49090909090916,539.8181818181819,828.3636363636364
Kapurthala,1974,338.9,67.0,140.0
Jalandhar,1974,367.9,75.0,472.0
SBS Nagar,1974,747.5619047619048,189.14285714285714,305.6666666666667
Hoshiarpur,1974,510.9,62.0,248.0
Rupnagar,1974,557.2,17.0,118.0
SAS Nagar,1974,493.80909090909086,103.9090909090909,214.63636363636363
Ludhiana,1974,365.0,34.0,706.0
Ferozepur,1974,172.0,205.0,512.0
Faridkot,1974,273.3,64.0,593.0
Sri Muktsar Sahib,1974,424.80476190476196,334.76190476190476,858.1428571428571
Moga,1974,335.3333333333333,658.2857142857143,762.0
Bathinda,1974,240.0,2.0,371.0
Mansa,1974,165.78400000000002,270.0833333333333,702.6666666666666
Sangrur,1974,275.1,44.0,693.0
Barnala,1974,297.25454545454545,488.8,556.4
Patiala,1974,418.9,189.0,549.0
Fatehgarh Sahib,1974,485.84399999999994,338.4583333333333,393.1666666666667
Gurdaspur,1970,926.3,105.0,321.0
Amritsar,1970,594.6,133.0,606.0
Tarn Taran,1970,302.49090909090916,539.8181818181819,828.3636363636364
Kapurthala,1970,554.9,41.0,141.0
Jalandhar,1970,171.4,20.0,399.0
SBS Nagar,1970,747.5619047619048,189.14285714285714,305.6666666666667
Hoshiarpur,1970,999.3,41.0,162.0
Rupnagar,1970,983.4,6.0,106.0
SAS Nagar,1970,493.80909090909086,103.9090909090909,214.63636363636363
Ludhiana,1970,756.7,6.0,699.0
Ferozepur,1970,232.3,88.0,764.0
Faridkot,1970,410.9906976744186,347.1162790697674,811.4651162790698
Sri Muktsar Sahib,1970,424.80476190476196,334.76190476190476,858.1428571428571
Moga,1970,335.3333333333333,658.2857142857143,762.0
Bathinda,1970,499.2,1.0,638.0
Mansa,1970,165.78400000000002,270.0833333333333,702.6666666666666
Sangrur,1970,521.9,17.0,706.0
Barnala,1970,297.25454545454545,488.8,556.4
Patiala,1970,555.6,77.0,475.0
Fatehgarh Sahib,1970,485.84399999999994,338.4583333333333,393.1666666666667
